nombre,artistas,album,fecha_lanzamiento,popularidad,explicit,imagen_url,spotify_url,generos,contenido
Ordinary,Alex Warren,"You'll Be Alright, Kid (Chapter 1)",2024-09-26,94,False,https://i.scdn.co/image/ab67616d0000b2731648716c6562145bea491cb6,https://open.spotify.com/track/2RkZ5LkEzeHGRsmDqKwmaJ,," Alex Warren You'll Be Alright, Kid (Chapter 1) False"
Die With A Smile,"Lady Gaga, Bruno Mars",MAYHEM,2025-03-07,91,False,https://i.scdn.co/image/ab67616d0000b273b0860cf0a98e09663c82290c,https://open.spotify.com/track/7so0lgd0zP2Sbgs2d7a1SZ,"art pop, pop","art pop, pop Lady Gaga, Bruno Mars MAYHEM False"
BIRDS OF A FEATHER,Billie Eilish,HIT ME HARD AND SOFT,2024-05-17,100,False,https://i.scdn.co/image/ab67616d0000b27371d62ea7ea8a5be92d3c1f62,https://open.spotify.com/track/6dOtVTDdiauQNBQEDOtlAB,, Billie Eilish HIT ME HARD AND SOFT False
back to friends,sombr,back to friends,2024-12-27,96,False,https://i.scdn.co/image/ab67616d0000b2739d24f74c1e2d8a12b1e591ec,https://open.spotify.com/track/0FTmksd2dxiE5e3rWyJXs6,, sombr back to friends False
APT.,"ROSÉ, Bruno Mars",rosie,2024-12-06,90,False,https://i.scdn.co/image/ab67616d0000b2735074bd0894cb1340b8d8a678,https://open.spotify.com/track/4wJ5Qq0jBN4ajy7ouZIV1c,k-pop,"k-pop ROSÉ, Bruno Mars rosie False"
La Plena - W Sound 05,"W Sound, Beéle, Ovy On The Drums",La Plena (W Sound 05),2025-02-19,94,True,https://i.scdn.co/image/ab67616d0000b2734740100d84f3667f1eae6870,https://open.spotify.com/track/6iOndD4OFo7GkaDypWQIou,," W Sound, Beéle, Ovy On The Drums La Plena (W Sound 05) True"
Don’t Say You Love Me,Jin,Echo,2025-05-16,88,False,https://i.scdn.co/image/ab67616d0000b27389228504f700641956e29f5d,https://open.spotify.com/track/27xkOIER6uDLKALIelHylZ,k-pop,k-pop Jin Echo False
DtMF,Bad Bunny,DeBÍ TiRAR MáS FOToS,2025-01-05,97,True,https://i.scdn.co/image/ab67616d0000b273bbd45c8d36e0e045ef640411,https://open.spotify.com/track/3sK8wGT43QFpWrvNQsrQya,"reggaeton, trap latino, urbano latino, latin","reggaeton, trap latino, urbano latino, latin Bad Bunny DeBÍ TiRAR MáS FOToS True"
undressed,sombr,undressed,2025-03-21,95,False,https://i.scdn.co/image/ab67616d0000b273dad39d4906f76b7c176effb1,https://open.spotify.com/track/4AajxCEwGEsmHmT4H1TwjY,, sombr undressed False
Mangu,"Fourtwnty, Charita Utami",Nalar,2023-04-18,86,False,https://i.scdn.co/image/ab67616d0000b27332ab17f5515e51490841f648,https://open.spotify.com/track/4e6TmHCC4PRUj75knNplNP,"indonesian indie, indonesian pop, indie","indonesian indie, indonesian pop, indie Fourtwnty, Charita Utami Nalar False"
WILDFLOWER,Billie Eilish,HIT ME HARD AND SOFT,2024-05-17,96,False,https://i.scdn.co/image/ab67616d0000b27371d62ea7ea8a5be92d3c1f62,https://open.spotify.com/track/3QaPy1KgI7nu9FJEQUgn6h,, Billie Eilish HIT ME HARD AND SOFT False
like JENNIE,JENNIE,Ruby,2025-03-07,96,True,https://i.scdn.co/image/ab67616d0000b2735a43918ea90bf1e44b7bdcfd,https://open.spotify.com/track/0fK7ie6XwGxQTIkpFoWkd1,k-pop,k-pop JENNIE Ruby True
luther (with sza),"Kendrick Lamar, SZA",GNX,2024-11-21,93,False,https://i.scdn.co/image/ab67616d0000b27309d6ed214f03fbb663e46531,https://open.spotify.com/track/2CGNAOSuO1MEFCbBRgUzjd,"hip hop, west coast hip hop","hip hop, west coast hip hop Kendrick Lamar, SZA GNX False"
That’s So True,Gracie Abrams,The Secret of Us (Deluxe),2024-10-18,97,True,https://i.scdn.co/image/ab67616d0000b2731dac3694b3289cd903cb3acf,https://open.spotify.com/track/7ne4VBA60CxGM75vw0EYad,, Gracie Abrams The Secret of Us (Deluxe) True
Sailor Song,Gigi Perez,"At The Beach, In Every Life",2025-04-25,88,False,https://i.scdn.co/image/ab67616d0000b273bc5665902cfbbb15af08e5c4,https://open.spotify.com/track/21IYMdzTrzSe191Cy5eMap,," Gigi Perez At The Beach, In Every Life False"
Beautiful Things,Benson Boone,Fireworks & Rollerblades,2024-04-05,93,False,https://i.scdn.co/image/ab67616d0000b273cc04ff3e70e146ba9abacf40,https://open.spotify.com/track/3xkHsmpQCBMytMJNiDf3Ii,, Benson Boone Fireworks & Rollerblades False
BAILE INoLVIDABLE,Bad Bunny,DeBÍ TiRAR MáS FOToS,2025-01-05,96,True,https://i.scdn.co/image/ab67616d0000b273bbd45c8d36e0e045ef640411,https://open.spotify.com/track/2lTm559tuIvatlT1u0JYG2,"reggaeton, trap latino, urbano latino, latin","reggaeton, trap latino, urbano latino, latin Bad Bunny DeBÍ TiRAR MáS FOToS True"
Who,Jimin,MUSE,2024-07-19,90,False,https://i.scdn.co/image/ab67616d0000b273f02c451189a709b9a952aaec,https://open.spotify.com/track/7tI8dRuH2Yc6RuoTjxo4dU,k-pop,k-pop Jimin MUSE False
What I Want (feat. Tate McRae),"Morgan Wallen, Tate McRae",I’m The Problem,2025-05-16,88,False,https://i.scdn.co/image/ab67616d0000b27335ea219ce47813b5e2dc3745,https://open.spotify.com/track/04emojnbYkrRmv5qtJcgVP,country,"country Morgan Wallen, Tate McRae I’m The Problem False"
Espresso,Sabrina Carpenter,Short n' Sweet,2024-08-23,91,True,https://i.scdn.co/image/ab67616d0000b273fd8d7a8d96871e791cb1f626,https://open.spotify.com/track/2HRqTpkrJO5ggZyyK6NPWz,, Sabrina Carpenter Short n' Sweet True
Marlboro Rojo,Fuerza Regida,111XPANTIA,2025-05-02,88,True,https://i.scdn.co/image/ab67616d0000b2734f13783ebca8686ddc7992e7,https://open.spotify.com/track/3hpm0fTeSqlhJbnqAgaLZs,"corrido, corridos tumbados, corridos bélicos, música mexicana, banda, sierreño, electro corridos, sad sierreño, dembow belico","corrido, corridos tumbados, corridos bélicos, música mexicana, banda, sierreño, electro corridos, sad sierreño, dembow belico Fuerza Regida 111XPANTIA True"
Love Me Not,Ravyn Lenae,Bird's Eye,2024-08-09,89,False,https://i.scdn.co/image/ab67616d0000b273ef985ba96e76a9574cc68a30,https://open.spotify.com/track/4WFgvKVfEhb3IUAFGrutTR,alternative r&b,alternative r&b Ravyn Lenae Bird's Eye False
Iris,The Goo Goo Dolls,Dizzy up the Girl,1998,93,False,https://i.scdn.co/image/ab67616d0000b273eda9478c39a21e1cdc6609ca,https://open.spotify.com/track/6Qyc6fS4DsZjB2mRW9DsQs,, The Goo Goo Dolls Dizzy up the Girl False
EoO,Bad Bunny,DeBÍ TiRAR MáS FOToS,2025-01-05,94,True,https://i.scdn.co/image/ab67616d0000b273bbd45c8d36e0e045ef640411,https://open.spotify.com/track/6J5kc12BW5HuP3d7C3vvx8,"reggaeton, trap latino, urbano latino, latin","reggaeton, trap latino, urbano latino, latin Bad Bunny DeBÍ TiRAR MáS FOToS True"
Messy,Lola Young,This Wasn't Meant For You Anyway,2024-06-21,89,True,https://i.scdn.co/image/ab67616d0000b2736aa2a180c7b009ca8454ef89,https://open.spotify.com/track/35ISBknsCeZQtq66xABI9g,, Lola Young This Wasn't Meant For You Anyway True
Lose Control,Teddy Swims,I've Tried Everything But Therapy (Part 1),2023-09-15,92,False,https://i.scdn.co/image/ab67616d0000b2731a0323cc23419360a34a3ace,https://open.spotify.com/track/17phhZDn6oGtzMe56NuWvj,, Teddy Swims I've Tried Everything But Therapy (Part 1) False
Timeless (feat Playboi Carti),"The Weeknd, Playboi Carti",Hurry Up Tomorrow,2025-01-31,95,True,https://i.scdn.co/image/ab67616d0000b273982320da137d0de34410df61,https://open.spotify.com/track/0FIDCNYYjNvPVimz5icugS,," The Weeknd, Playboi Carti Hurry Up Tomorrow True"
Abracadabra,Lady Gaga,MAYHEM,2025-03-07,89,False,https://i.scdn.co/image/ab67616d0000b273b0860cf0a98e09663c82290c,https://open.spotify.com/track/2LHNTC9QZxsL3nWpt8iaSR,"art pop, pop","art pop, pop Lady Gaga MAYHEM False"
All The Stars (with SZA),"Kendrick Lamar, SZA",Black Panther The Album Music From And Inspired By,2018-02-09,94,True,https://i.scdn.co/image/ab67616d0000b273c027ad28821777b00dcaa888,https://open.spotify.com/track/3GCdLUSnKSMJhs4Tj6CV3s,"hip hop, west coast hip hop","hip hop, west coast hip hop Kendrick Lamar, SZA Black Panther The Album Music From And Inspired By True"
"One Of The Girls (with JENNIE, Lily Rose Depp)","The Weeknd, JENNIE, Lily-Rose Depp",The Idol Episode 4 (Music from the HBO Original Series),2023-06-23,94,False,https://i.scdn.co/image/ab67616d0000b273b0dd6a5cd1dec96c4119c262,https://open.spotify.com/track/7CyPwkp0oE8Ro9Dd5CUDjW,," The Weeknd, JENNIE, Lily-Rose Depp The Idol Episode 4 (Music from the HBO Original Series) False"
Si Antes Te Hubiera Conocido,KAROL G,Si Antes Te Hubiera Conocido,2024-06-21,94,False,https://i.scdn.co/image/ab67616d0000b273491678beaffcefac517a699e,https://open.spotify.com/track/6WatFBLVB0x077xWeoVc2k,"reggaeton, latin, urbano latino","reggaeton, latin, urbano latino KAROL G Si Antes Te Hubiera Conocido False"
The Night We Met,Lord Huron,Strange Trails,2015-04-07,81,False,https://i.scdn.co/image/ab67616d0000b273b4916183f769aca218acb85f,https://open.spotify.com/track/5yJaXWIErrrsjQ3J0eR5aK,, Lord Huron Strange Trails False
Shake It To The Max (FLY) - Remix,"MOLIY, Silent Addy, Skillibeng, Shenseea",Shake It To The Max (FLY) (Remix),2025-02-21,90,True,https://i.scdn.co/image/ab67616d0000b2730069ee4e37f913fb1653b389,https://open.spotify.com/track/0QCIpQV3twfqo9kh0t8Zza,alté,"alté MOLIY, Silent Addy, Skillibeng, Shenseea Shake It To The Max (FLY) (Remix) True"
Show Me Love,"WizTheMc, bees & honey",Show Me Love,2025-02-07,94,False,https://i.scdn.co/image/ab67616d0000b2739263dc4504ccf1b02899d9ae,https://open.spotify.com/track/5ITV0zqzjOYfFWpW0xBmRa,," WizTheMc, bees & honey Show Me Love False"
party 4 u,Charli xcx,how i'm feeling now,2020-05-15,92,False,https://i.scdn.co/image/ab67616d0000b27349bdbd5880802dcbe4e0b2dd,https://open.spotify.com/track/2RdEC8Ff83WkX7kDVCHseE,"hyperpop, art pop","hyperpop, art pop Charli xcx how i'm feeling now False"
"Good Luck, Babe!",Chappell Roan,"Good Luck, Babe!",2024-04-05,94,False,https://i.scdn.co/image/ab67616d0000b27391b4bc7c88d91a42e0f3a8b7,https://open.spotify.com/track/0WbMK4wrZ1wFSty9F7FCgu,," Chappell Roan Good Luck, Babe! False"
I Wanna Be Yours,Arctic Monkeys,AM,2013-09-09,94,False,https://i.scdn.co/image/ab67616d0000b2734ae1c4c5c45aabe565499163,https://open.spotify.com/track/5XeFesFbtLpXzIVDNQP22n,"indie, garage rock","indie, garage rock Arctic Monkeys AM False"
You'll Be in My Heart,NIKI,You'll Be In My Heart,2022-09-14,92,False,https://i.scdn.co/image/ab67616d0000b2737cd329ea4a204a8a47caf3d5,https://open.spotify.com/track/1UPB5rYJ0bzn6mNSoAHrZC,, NIKI You'll Be In My Heart False
Anxiety,Doechii,Alligator Bites Never Heal (Extended),2025-03-14,86,True,https://i.scdn.co/image/ab67616d0000b273ea29212b801087f18319c187,https://open.spotify.com/track/3LPLRNr58Z9Pn0clnEtkXb,, Doechii Alligator Bites Never Heal (Extended) True
NOKIA,Drake,$ome $exy $ongs 4 U,2025-02-14,94,True,https://i.scdn.co/image/ab67616d0000b273cc392813bfd8f63d4d5f4a95,https://open.spotify.com/track/2u9S9JJ6hTZS3Vf22HOZKg,rap,rap Drake $ome $exy $ongs 4 U True
Sweater Weather,The Neighbourhood,I Love You.,2013-04-22,93,False,https://i.scdn.co/image/ab67616d0000b2738265a736a1eb838ad5a0b921,https://open.spotify.com/track/2QjOHCTQ1Jl3zawyYOpxh6,, The Neighbourhood I Love You. False
NUEVAYoL,Bad Bunny,DeBÍ TiRAR MáS FOToS,2025-01-05,94,False,https://i.scdn.co/image/ab67616d0000b273bbd45c8d36e0e045ef640411,https://open.spotify.com/track/5TFD2bmFKGhoCRbX61nXY5,"reggaeton, trap latino, urbano latino, latin","reggaeton, trap latino, urbano latino, latin Bad Bunny DeBÍ TiRAR MáS FOToS False"
Pink Pony Club,Chappell Roan,The Rise and Fall of a Midwest Princess,2023-09-21,88,False,https://i.scdn.co/image/ab67616d0000b273a21d22ecf823e1c90aa22d1f,https://open.spotify.com/track/6393yGahSJ9slVdOwSxOVR,, Chappell Roan The Rise and Fall of a Midwest Princess False
PASSO BEM SOLTO - Slowed,ATLXS,PASSO BEM SOLTO,2024-04-23,91,False,https://i.scdn.co/image/ab67616d0000b27336385e0fad3c87e8e8f19071,https://open.spotify.com/track/4sTlQPMyoFMPdhAJvErBN3,"phonk, brazilian phonk","phonk, brazilian phonk ATLXS PASSO BEM SOLTO False"
Morena,"Neton Vega, Peso Pluma",Mi Vida Mi Muerte,2025-02-14,92,False,https://i.scdn.co/image/ab67616d0000b2735c0540f97b3f95e387a9b58e,https://open.spotify.com/track/4oB8Xd7gMlUEtWoD8bmCXW,"corrido, corridos tumbados, corridos bélicos, electro corridos, dembow belico","corrido, corridos tumbados, corridos bélicos, electro corridos, dembow belico Neton Vega, Peso Pluma Mi Vida Mi Muerte False"
Gnarly,KATSEYE,Gnarly,2025-04-30,89,True,https://i.scdn.co/image/ab67616d0000b2738a30c41e2c9336c293ebebfe,https://open.spotify.com/track/1j15Ar0qGDzIR0v3CQv3JL,k-pop,k-pop KATSEYE Gnarly True
Not Like Us,Kendrick Lamar,Not Like Us,2024-05-04,94,True,https://i.scdn.co/image/ab67616d0000b2731ea0c62b2339cbf493a999ad,https://open.spotify.com/track/6AI3ezQ4o3HUoP6Dhudph3,"hip hop, west coast hip hop","hip hop, west coast hip hop Kendrick Lamar Not Like Us True"
Sports car,Tate McRae,So Close To What,2025-02-20,89,False,https://i.scdn.co/image/ab67616d0000b273ec58cd730a52c5899b947d3e,https://open.spotify.com/track/5UJbgR4XF4y1DvbkxEqe8S,, Tate McRae So Close To What False
Just In Case,Morgan Wallen,I’m The Problem,2025-05-16,83,False,https://i.scdn.co/image/ab67616d0000b27335ea219ce47813b5e2dc3745,https://open.spotify.com/track/5z0LSDpPpGwc2ZyJHpsE3J,country,country Morgan Wallen I’m The Problem False
Te Quería Ver,"Alemán, Neton Vega",De Vuelta a las Andadas,2025-05-09,80,False,https://i.scdn.co/image/ab67616d0000b273e74e15dbe6fba4a2cd3b5d7a,https://open.spotify.com/track/2JPctdUgvkQSpnUdfROxvY,"mexican hip hop, latin hip hop, electro corridos","mexican hip hop, latin hip hop, electro corridos Alemán, Neton Vega De Vuelta a las Andadas False"
I Got Better,Morgan Wallen,I’m The Problem,2025-05-16,84,False,https://i.scdn.co/image/ab67616d0000b27335ea219ce47813b5e2dc3745,https://open.spotify.com/track/4gfrYDtaRmp6HPvN80V2ob,country,country Morgan Wallen I’m The Problem False
I'm The Problem,Morgan Wallen,I’m The Problem,2025-05-16,81,False,https://i.scdn.co/image/ab67616d0000b27335ea219ce47813b5e2dc3745,https://open.spotify.com/track/7AeM1BGYM7emrqmQn1PuWv,country,country Morgan Wallen I’m The Problem False
Superman,Morgan Wallen,I’m The Problem,2025-05-16,82,False,https://i.scdn.co/image/ab67616d0000b27335ea219ce47813b5e2dc3745,https://open.spotify.com/track/3KC1yCIfkLrRaeeMUEKvg3,country,country Morgan Wallen I’m The Problem False
I Ain't Comin' Back (feat. Post Malone),"Morgan Wallen, Post Malone",I’m The Problem,2025-05-16,79,False,https://i.scdn.co/image/ab67616d0000b27335ea219ce47813b5e2dc3745,https://open.spotify.com/track/1BDLD4c07q0bmq2VCRsXoE,country,"country Morgan Wallen, Post Malone I’m The Problem False"
Love Somebody,Morgan Wallen,I’m The Problem,2025-05-16,79,False,https://i.scdn.co/image/ab67616d0000b27335ea219ce47813b5e2dc3745,https://open.spotify.com/track/5mAGsieQbw180sYdL3RMKk,country,country Morgan Wallen I’m The Problem False
20 Cigarettes,Morgan Wallen,I’m The Problem,2025-05-16,81,False,https://i.scdn.co/image/ab67616d0000b27335ea219ce47813b5e2dc3745,https://open.spotify.com/track/0YsIYFRoxkmEvbKCwTp0Tg,country,country Morgan Wallen I’m The Problem False
Eyes Are Closed,Morgan Wallen,I’m The Problem,2025-05-16,81,True,https://i.scdn.co/image/ab67616d0000b27335ea219ce47813b5e2dc3745,https://open.spotify.com/track/5QEAqQ7NzbTP8Px5N3Ggmi,country,country Morgan Wallen I’m The Problem True
Falling Apart,Morgan Wallen,I’m The Problem,2025-05-16,81,False,https://i.scdn.co/image/ab67616d0000b27335ea219ce47813b5e2dc3745,https://open.spotify.com/track/0GnNHCDj2WOJl70UUcvAEP,country,country Morgan Wallen I’m The Problem False
Dark Thoughts,Lil Tecca,Dark Thoughts,2025-03-14,92,True,https://i.scdn.co/image/ab67616d0000b273f9a2359739728d2af3284a8e,https://open.spotify.com/track/7EW7Yivb93qKAtp5qEm5of,"melodic rap, rap","melodic rap, rap Lil Tecca Dark Thoughts True"
"Skoal, Chevy, and Browning",Morgan Wallen,I’m The Problem,2025-05-16,80,True,https://i.scdn.co/image/ab67616d0000b27335ea219ce47813b5e2dc3745,https://open.spotify.com/track/6TUf119oQrkteMSKTE1SOf,country,country Morgan Wallen I’m The Problem True
No One Noticed,The Marías,Submarine,2024-05-31,93,False,https://i.scdn.co/image/ab67616d0000b2734d070fdf58fad8c54c5beb85,https://open.spotify.com/track/3siwsiaEoU4Kuuc9WKMUy5,bedroom pop,bedroom pop The Marías Submarine False
TN,Morgan Wallen,I’m The Problem,2025-05-16,80,False,https://i.scdn.co/image/ab67616d0000b27335ea219ce47813b5e2dc3745,https://open.spotify.com/track/7lq4b3sYM9cYSnCMxCafKe,country,country Morgan Wallen I’m The Problem False
Where'd That Girl Go,Morgan Wallen,I’m The Problem,2025-05-16,80,False,https://i.scdn.co/image/ab67616d0000b27335ea219ce47813b5e2dc3745,https://open.spotify.com/track/72EqPCCpe79JBwtLlVsdZ6,country,country Morgan Wallen I’m The Problem False
Kick Myself,Morgan Wallen,I’m The Problem,2025-05-16,80,True,https://i.scdn.co/image/ab67616d0000b27335ea219ce47813b5e2dc3745,https://open.spotify.com/track/50kjUO9iWqTamrb3va05hu,country,country Morgan Wallen I’m The Problem True
I Had Some Help (Feat. Morgan Wallen),"Post Malone, Morgan Wallen",F-1 Trillion,2024-08-15,88,True,https://i.scdn.co/image/ab67616d0000b27388208159b1b3c69eefdeb2e0,https://open.spotify.com/track/5IZXB5IKAD2qlvTPJYDCFB,," Post Malone, Morgan Wallen F-1 Trillion True"
Blue Strips,Jessie Murph,Blue Strips,2025-04-11,88,False,https://i.scdn.co/image/ab67616d0000b27346c039a39a11a3b93d088698,https://open.spotify.com/track/7u7IqryLFAygWFz6bsEB7y,, Jessie Murph Blue Strips False
tv off (feat. lefty gunplay),"Kendrick Lamar, Lefty Gunplay",GNX,2024-11-22,92,True,https://i.scdn.co/image/ab67616d0000b273d9985092cd88bffd97653b58,https://open.spotify.com/track/0aB0v4027ukVziUGwVGYpG,"hip hop, west coast hip hop","hip hop, west coast hip hop Kendrick Lamar, Lefty Gunplay GNX True"
Missing,Morgan Wallen,I’m The Problem,2025-05-16,79,False,https://i.scdn.co/image/ab67616d0000b27335ea219ce47813b5e2dc3745,https://open.spotify.com/track/7trGQmK2IAYxLb3wgqfawy,country,country Morgan Wallen I’m The Problem False
Kiss Her In Front Of You,Morgan Wallen,I’m The Problem,2025-05-16,79,False,https://i.scdn.co/image/ab67616d0000b27335ea219ce47813b5e2dc3745,https://open.spotify.com/track/3vhOv5qBOX9urPOC9VyhWl,country,country Morgan Wallen I’m The Problem False
A Bar Song (Tipsy),Shaboozey,"Where I've Been, Isn't Where I'm Going",2024-05-31,86,True,https://i.scdn.co/image/ab67616d0000b27360df033c8f8b17384387666a,https://open.spotify.com/track/5fZJQrFKWQLb7FpJXZ1g7K,," Shaboozey Where I've Been, Isn't Where I'm Going True"
Genesis,Morgan Wallen,I’m The Problem,2025-05-16,79,False,https://i.scdn.co/image/ab67616d0000b27335ea219ce47813b5e2dc3745,https://open.spotify.com/track/5ImJTOd6BMsvwuRgnlmyr7,country,country Morgan Wallen I’m The Problem False
If You Were Mine,Morgan Wallen,I’m The Problem,2025-05-16,79,True,https://i.scdn.co/image/ab67616d0000b27335ea219ce47813b5e2dc3745,https://open.spotify.com/track/710dGcMZzo15JzqhJmDjOR,country,country Morgan Wallen I’m The Problem True
Number 3 and Number 7 (feat. Eric Church),"Morgan Wallen, Eric Church",I’m The Problem,2025-05-16,78,False,https://i.scdn.co/image/ab67616d0000b27335ea219ce47813b5e2dc3745,https://open.spotify.com/track/5EA2rqylBTFpUVQUKiWFXs,country,"country Morgan Wallen, Eric Church I’m The Problem False"
All The Way (feat. Bailey Zimmerman),"BigXthaPlug, Bailey Zimmerman",All The Way (feat. Bailey Zimmerman),2025-04-04,87,True,https://i.scdn.co/image/ab67616d0000b273eedca2962d36208f21037d62,https://open.spotify.com/track/73kIKvg65QWieOKXIwyLJP,southern hip hop,"southern hip hop BigXthaPlug, Bailey Zimmerman All The Way (feat. Bailey Zimmerman) True"
Interlude,Morgan Wallen,I’m The Problem,2025-05-16,79,True,https://i.scdn.co/image/ab67616d0000b27335ea219ce47813b5e2dc3745,https://open.spotify.com/track/4NoOpkVBJsRB2YTiP9vRJD,country,country Morgan Wallen I’m The Problem True
Don't We,Morgan Wallen,I’m The Problem,2025-05-16,79,False,https://i.scdn.co/image/ab67616d0000b27335ea219ce47813b5e2dc3745,https://open.spotify.com/track/7quUr3mlWKcQuBRfl6g5Sn,country,country Morgan Wallen I’m The Problem False
I'm A Little Crazy,Morgan Wallen,I’m The Problem,2025-05-16,76,False,https://i.scdn.co/image/ab67616d0000b27335ea219ce47813b5e2dc3745,https://open.spotify.com/track/2zIl3eEUd51KdtqGyJw1sg,country,country Morgan Wallen I’m The Problem False
Too Sweet,Hozier,Unreal Unearth: Unaired,2024-08-19,87,False,https://i.scdn.co/image/ab67616d0000b273b07bd43d1bec442c7fcc4d1e,https://open.spotify.com/track/19XpFsce28aByvCC4g89tJ,, Hozier Unreal Unearth: Unaired False
Dreams - 2004 Remaster,Fleetwood Mac,Rumours (Super Deluxe),1977-02-04,90,False,https://i.scdn.co/image/ab67616d0000b273e52a59a28efa4773dd2bfe1b,https://open.spotify.com/track/0ofHAoxe9vBkTCp2UQIavz,"classic rock, yacht rock, soft rock","classic rock, yacht rock, soft rock Fleetwood Mac Rumours (Super Deluxe) False"
Dark Til Daylight,Morgan Wallen,I’m The Problem,2025-05-16,79,False,https://i.scdn.co/image/ab67616d0000b27335ea219ce47813b5e2dc3745,https://open.spotify.com/track/5t6VW9ocIgB84vD8uR5xXU,country,country Morgan Wallen I’m The Problem False
Revelation,Morgan Wallen,I’m The Problem,2025-05-16,78,False,https://i.scdn.co/image/ab67616d0000b27335ea219ce47813b5e2dc3745,https://open.spotify.com/track/4HWDNZ1i6gyzu9tUbNhC2C,country,country Morgan Wallen I’m The Problem False
Vita Fer,"Los Dareyes De La Sierra, Tito Double P",Redención,2025-05-08,80,True,https://i.scdn.co/image/ab67616d0000b273d64caf3104c5a901905d9b7e,https://open.spotify.com/track/3jS9G4KmuOwuawj3k4Smpc,"corrido, corridos bélicos, corridos tumbados, sierreño, electro corridos, dembow belico, banda, música mexicana","corrido, corridos bélicos, corridos tumbados, sierreño, electro corridos, dembow belico, banda, música mexicana Los Dareyes De La Sierra, Tito Double P Redención True"
TU SANCHO,Fuerza Regida,111XPANTIA,2025-05-02,85,True,https://i.scdn.co/image/ab67616d0000b2734f13783ebca8686ddc7992e7,https://open.spotify.com/track/6eLQXa6uk2EW8drsiKbABZ,"corrido, corridos tumbados, corridos bélicos, música mexicana, banda, sierreño, electro corridos, sad sierreño, dembow belico","corrido, corridos tumbados, corridos bélicos, música mexicana, banda, sierreño, electro corridos, sad sierreño, dembow belico Fuerza Regida 111XPANTIA True"
Triple Lavada,Esau Ortiz,Triple Lavada,2025-03-28,90,True,https://i.scdn.co/image/ab67616d0000b273c4bae404f4bbdd3272717a2b,https://open.spotify.com/track/6uroNiDEDd0xFLiri0aQNk,"electro corridos, dembow belico, corrido, corridos tumbados","electro corridos, dembow belico, corrido, corridos tumbados Esau Ortiz Triple Lavada True"
Amigos? No.,"Oscar Maydon, Neton Vega",Amigos? No.,2025-03-06,90,True,https://i.scdn.co/image/ab67616d0000b273f63a0f68467d1b4a35f51721,https://open.spotify.com/track/7hNgSEQ4Ho7kWBA2rKpDd9,"corridos tumbados, corrido, corridos bélicos, electro corridos, dembow belico, sad sierreño, banda","corridos tumbados, corrido, corridos bélicos, electro corridos, dembow belico, sad sierreño, banda Oscar Maydon, Neton Vega Amigos? No. True"
COMO CAPO,"Clave Especial, Fuerza Regida",MIJA NO TE ASUSTES,2025-02-20,87,True,https://i.scdn.co/image/ab67616d0000b27364decb1474ad644038e25d4e,https://open.spotify.com/track/4N1dogCaVWnGyFdPjdqNWF,"corrido, corridos tumbados, corridos bélicos, música mexicana","corrido, corridos tumbados, corridos bélicos, música mexicana Clave Especial, Fuerza Regida MIJA NO TE ASUSTES True"
Por Esos Ojos,Fuerza Regida,111XPANTIA,2025-05-02,83,True,https://i.scdn.co/image/ab67616d0000b2734f13783ebca8686ddc7992e7,https://open.spotify.com/track/77pDO4WZPIdkwFve0iHWnb,"corrido, corridos tumbados, corridos bélicos, música mexicana, banda, sierreño, electro corridos, sad sierreño, dembow belico","corrido, corridos tumbados, corridos bélicos, música mexicana, banda, sierreño, electro corridos, sad sierreño, dembow belico Fuerza Regida 111XPANTIA True"
TATTOO,Tito Double P,TATTOO,2025-02-27,91,True,https://i.scdn.co/image/ab67616d0000b2734555f9d48babadbd649ba713,https://open.spotify.com/track/3KgHiAVuP88QoQs9CO4z1P,"corrido, corridos tumbados, corridos bélicos, electro corridos, dembow belico, música mexicana","corrido, corridos tumbados, corridos bélicos, electro corridos, dembow belico, música mexicana Tito Double P TATTOO True"
TU TU TU,"Clave Especial, Edgardo Nuñez",MIJA NO TE ASUSTES,2025-02-20,86,True,https://i.scdn.co/image/ab67616d0000b27364decb1474ad644038e25d4e,https://open.spotify.com/track/0L5gbpFGU06vqSHacOxgka,"corrido, corridos tumbados, corridos bélicos, música mexicana","corrido, corridos tumbados, corridos bélicos, música mexicana Clave Especial, Edgardo Nuñez MIJA NO TE ASUSTES True"
ANSIEDAD,Fuerza Regida,111XPANTIA,2025-05-02,84,True,https://i.scdn.co/image/ab67616d0000b2734f13783ebca8686ddc7992e7,https://open.spotify.com/track/1a7onn7lPqqRWul5ogyMyX,"corrido, corridos tumbados, corridos bélicos, música mexicana, banda, sierreño, electro corridos, sad sierreño, dembow belico","corrido, corridos tumbados, corridos bélicos, música mexicana, banda, sierreño, electro corridos, sad sierreño, dembow belico Fuerza Regida 111XPANTIA True"
Pika Pika,"Chuyin, Fuerza Regida, Jorsshh, Calle 24",Pika Pika,2024-11-29,88,True,https://i.scdn.co/image/ab67616d0000b273b033ed96ed4cd275d9b3a25b,https://open.spotify.com/track/5LHPcY9yd0hWVFIW4yfOCJ,"corrido, corridos tumbados, corridos bélicos","corrido, corridos tumbados, corridos bélicos Chuyin, Fuerza Regida, Jorsshh, Calle 24 Pika Pika True"
7 DIAS,"Gabito Ballesteros, Tito Double P",7 DIAS,2025-01-30,89,True,https://i.scdn.co/image/ab67616d0000b273ec4f3a05f36b942d7756d7c0,https://open.spotify.com/track/5Z75FvRFiultmPFWHx5jQ7,"corrido, corridos tumbados, corridos bélicos, música mexicana, sad sierreño, electro corridos, banda","corrido, corridos tumbados, corridos bélicos, música mexicana, sad sierreño, electro corridos, banda Gabito Ballesteros, Tito Double P 7 DIAS True"
M&M,Neton Vega,Mi Vida Mi Muerte,2025-02-14,90,False,https://i.scdn.co/image/ab67616d0000b2735c0540f97b3f95e387a9b58e,https://open.spotify.com/track/3t72JCbFJ3syOhFC7x9Pa4,"corrido, corridos tumbados, corridos bélicos, electro corridos, dembow belico","corrido, corridos tumbados, corridos bélicos, electro corridos, dembow belico Neton Vega Mi Vida Mi Muerte False"
Chiquita,"Neton Vega, Tito Double P",Mi Vida Mi Muerte,2025-02-14,88,False,https://i.scdn.co/image/ab67616d0000b2735c0540f97b3f95e387a9b58e,https://open.spotify.com/track/07bruo5RoHasGqnun1Z31S,"corrido, corridos tumbados, corridos bélicos, electro corridos, dembow belico","corrido, corridos tumbados, corridos bélicos, electro corridos, dembow belico Neton Vega, Tito Double P Mi Vida Mi Muerte False"
CHAMPAGNE,Tito Double P,CHAMPAGNE,2025-05-15,81,True,https://i.scdn.co/image/ab67616d0000b2737a3451571221d540b4aa2d3d,https://open.spotify.com/track/0mfemgLsr0ucLSOBOc4xJ0,"corrido, corridos tumbados, corridos bélicos, electro corridos, dembow belico, música mexicana","corrido, corridos tumbados, corridos bélicos, electro corridos, dembow belico, música mexicana Tito Double P CHAMPAGNE True"
Linda Mujer,Ian Cordova,Linda Mujer,2025-05-01,82,False,https://i.scdn.co/image/ab67616d0000b273467692963ff454c02f4a54d9,https://open.spotify.com/track/116NyTQvOVrcAWLrGwTiSA,"electro corridos, corrido, dembow belico, corridos bélicos, corridos tumbados","electro corridos, corrido, dembow belico, corridos bélicos, corridos tumbados Ian Cordova Linda Mujer False"
Loco,Neton Vega,Mi Vida Mi Muerte,2025-02-14,86,False,https://i.scdn.co/image/ab67616d0000b2735c0540f97b3f95e387a9b58e,https://open.spotify.com/track/4eLDmhsJW3JoZTXCAozHor,"corrido, corridos tumbados, corridos bélicos, electro corridos, dembow belico","corrido, corridos tumbados, corridos bélicos, electro corridos, dembow belico Neton Vega Mi Vida Mi Muerte False"
COQUETA,"Fuerza Regida, Grupo Frontera",MALA MÍA,2024-12-19,89,False,https://i.scdn.co/image/ab67616d0000b273d4cef83f06fc615fe94aeaf5,https://open.spotify.com/track/1PREzVLuDT6PSE9sej4wnV,"corrido, corridos tumbados, corridos bélicos, música mexicana, banda, sierreño, electro corridos, sad sierreño, dembow belico","corrido, corridos tumbados, corridos bélicos, música mexicana, banda, sierreño, electro corridos, sad sierreño, dembow belico Fuerza Regida, Grupo Frontera MALA MÍA False"
ME JALO,"Fuerza Regida, Grupo Frontera",MALA MÍA,2024-12-19,92,True,https://i.scdn.co/image/ab67616d0000b273d4cef83f06fc615fe94aeaf5,https://open.spotify.com/track/3D24ErT1MMmUfXWotSj2A2,"corrido, corridos tumbados, corridos bélicos, música mexicana, banda, sierreño, electro corridos, sad sierreño, dembow belico","corrido, corridos tumbados, corridos bélicos, música mexicana, banda, sierreño, electro corridos, sad sierreño, dembow belico Fuerza Regida, Grupo Frontera MALA MÍA True"
La Pantera,"Marcos Villalobos, Alan Arrieta",La Pantera,2025-02-28,84,True,https://i.scdn.co/image/ab67616d0000b273412ffb0e6eddd95e43a3d5f3,https://open.spotify.com/track/0TOQQZVCZdMFMxzHT6WEtD,"electro corridos, dembow belico, corrido, corridos tumbados","electro corridos, dembow belico, corrido, corridos tumbados Marcos Villalobos, Alan Arrieta La Pantera True"
SUIZA,Calle 24,ONDEADO$,2024-12-12,83,True,https://i.scdn.co/image/ab67616d0000b273b864e4a51005c9b49c6c12d3,https://open.spotify.com/track/7585wxMp2e3IhBq3tJAXgw,"corrido, corridos tumbados, corridos bélicos, electro corridos, sad sierreño","corrido, corridos tumbados, corridos bélicos, electro corridos, sad sierreño Calle 24 ONDEADO$ True"
CLEOPATRA,Gabito Ballesteros,CLEOPATRA,2025-05-01,83,False,https://i.scdn.co/image/ab67616d0000b273f0928a03c9d3957674b579ac,https://open.spotify.com/track/4qwBnsVfknRk1wyvPVu5py,"corrido, corridos tumbados, corridos bélicos, música mexicana, sad sierreño, electro corridos, banda","corrido, corridos tumbados, corridos bélicos, música mexicana, sad sierreño, electro corridos, banda Gabito Ballesteros CLEOPATRA False"
Tu Boda,"Oscar Maydon, Fuerza Regida",Tu Boda,2024-09-26,89,True,https://i.scdn.co/image/ab67616d0000b273b51d9a74d356d785cce9dea9,https://open.spotify.com/track/1cOboCuWYI2osTOfolMRS6,"corridos tumbados, corrido, corridos bélicos, electro corridos, dembow belico, sad sierreño, banda","corridos tumbados, corrido, corridos bélicos, electro corridos, dembow belico, sad sierreño, banda Oscar Maydon, Fuerza Regida Tu Boda True"
NADIE,Tito Double P,NADIE,2024-11-21,88,True,https://i.scdn.co/image/ab67616d0000b273369bcf083996da3c3b6d1f40,https://open.spotify.com/track/7sd6zMrgGpEa7NkQm9TRrg,"corrido, corridos tumbados, corridos bélicos, electro corridos, dembow belico, música mexicana","corrido, corridos tumbados, corridos bélicos, electro corridos, dembow belico, música mexicana Tito Double P NADIE True"
ROSONES,Tito Double P,ROSONES,2024-12-05,88,True,https://i.scdn.co/image/ab67616d0000b273c6d0e8bfb41e9d9cee3a1248,https://open.spotify.com/track/0LTwdL5yZ6YOTEGUQPFuSN,"corrido, corridos tumbados, corridos bélicos, electro corridos, dembow belico, música mexicana","corrido, corridos tumbados, corridos bélicos, electro corridos, dembow belico, música mexicana Tito Double P ROSONES True"
DOS DÍAS,"Tito Double P, Peso Pluma",INCÓMODO,2024-08-22,88,True,https://i.scdn.co/image/ab67616d0000b27347e9618ef7411438f9c9478b,https://open.spotify.com/track/5lKFO0PrOC9jmOlPEdjHsL,"corrido, corridos tumbados, corridos bélicos, electro corridos, dembow belico, música mexicana","corrido, corridos tumbados, corridos bélicos, electro corridos, dembow belico, música mexicana Tito Double P, Peso Pluma INCÓMODO True"
Lejos Estamos Mejor,Eden Muñoz,Lejos Estamos Mejor,2025-05-09,80,False,https://i.scdn.co/image/ab67616d0000b273abf7cce86bcb8911f041bdf6,https://open.spotify.com/track/4jwAlalnN7RjBt3lg1H56E,"banda, corrido, norteño, corridos bélicos, corridos tumbados, música mexicana","banda, corrido, norteño, corridos bélicos, corridos tumbados, música mexicana Eden Muñoz Lejos Estamos Mejor False"
HOLLYWOOD,"Peso Pluma, Estevan Plazola",ÉXODO,2024-06-20,85,True,https://i.scdn.co/image/ab67616d0000b2732690127e1d6cd0aa35cc353b,https://open.spotify.com/track/5GTBdEjZe7zEDp1N0eCZE4,"corrido, corridos tumbados, corridos bélicos, música mexicana, sad sierreño, banda, electro corridos, dembow belico","corrido, corridos tumbados, corridos bélicos, música mexicana, sad sierreño, banda, electro corridos, dembow belico Peso Pluma, Estevan Plazola ÉXODO True"
El Mayor de los Ranas (En Vivo),"Grupo Marca Registrada, Victor Valverde",El Mayor de los Ranas (En Vivo),2025-02-27,86,True,https://i.scdn.co/image/ab67616d0000b27378390e72e4702597e5c5a960,https://open.spotify.com/track/7mEPibyVIOAjjHcSD0K0vn,"corrido, corridos bélicos, corridos tumbados, electro corridos, norteño, banda, música mexicana, sad sierreño, dembow belico, sierreño","corrido, corridos bélicos, corridos tumbados, electro corridos, norteño, banda, música mexicana, sad sierreño, dembow belico, sierreño Grupo Marca Registrada, Victor Valverde El Mayor de los Ranas (En Vivo) True"
En Privado,"Xavi, Manuel Turizo",En Privado,2025-02-06,89,False,https://i.scdn.co/image/ab67616d0000b2735ffe63ab6e8a3f6f5653d188,https://open.spotify.com/track/2SkB7jADnfiWH8qAE9H8cO,"corridos tumbados, corrido, corridos bélicos, sad sierreño, música mexicana, banda","corridos tumbados, corrido, corridos bélicos, sad sierreño, música mexicana, banda Xavi, Manuel Turizo En Privado False"
PRESIDENTE,"Gabito Ballesteros, Natanael Cano, Luis R Conriquez, Neton Vega",PRESIDENTE,2024-10-21,87,True,https://i.scdn.co/image/ab67616d0000b273f66501800b3a51af3bc69f8d,https://open.spotify.com/track/4OLT65TRsOx3Iv1TlCcQVb,"corrido, corridos tumbados, corridos bélicos, música mexicana, sad sierreño, electro corridos, banda","corrido, corridos tumbados, corridos bélicos, música mexicana, sad sierreño, electro corridos, banda Gabito Ballesteros, Natanael Cano, Luis R Conriquez, Neton Vega PRESIDENTE True"
El Mayor De Los Ranas,"Victor Valverde, JR Torres",Con Tokio,2025-01-17,80,True,https://i.scdn.co/image/ab67616d0000b273d9f261d933613dbfc199328a,https://open.spotify.com/track/6v5qt5KPQHJt5ckWuhDGtM,"corrido, electro corridos, corridos tumbados, corridos bélicos, dembow belico","corrido, electro corridos, corridos tumbados, corridos bélicos, dembow belico Victor Valverde, JR Torres Con Tokio True"
Ráfagas al Viento,Victor Mendivil,Ráfagas al Viento,2025-02-25,85,False,https://i.scdn.co/image/ab67616d0000b2732ddbb68789d9b4d6bfe939d5,https://open.spotify.com/track/5GIrmSQBxO9LTunilbwMWw,"electro corridos, dembow belico, corrido, corridos tumbados, corridos bélicos, dembow","electro corridos, dembow belico, corrido, corridos tumbados, corridos bélicos, dembow Victor Mendivil Ráfagas al Viento False"
ROSONES,"Jorsshh, Fuerza Regida",ROSONES,2024-11-15,85,True,https://i.scdn.co/image/ab67616d0000b2733ad59c0dc625065abeef8bed,https://open.spotify.com/track/6x59lSlNU7TvsJZy7134uC,"corrido, corridos tumbados, corridos bélicos","corrido, corridos tumbados, corridos bélicos Jorsshh, Fuerza Regida ROSONES True"
peliculiando,Fuerza Regida,111XPANTIA,2025-05-02,83,True,https://i.scdn.co/image/ab67616d0000b2734f13783ebca8686ddc7992e7,https://open.spotify.com/track/4st6K8nGBjANh0mKNvOpnt,"corrido, corridos tumbados, corridos bélicos, música mexicana, banda, sierreño, electro corridos, sad sierreño, dembow belico","corrido, corridos tumbados, corridos bélicos, música mexicana, banda, sierreño, electro corridos, sad sierreño, dembow belico Fuerza Regida 111XPANTIA True"
Supreme,"Los Dareyes De La Sierra, Peso Pluma",Redención,2025-05-08,80,True,https://i.scdn.co/image/ab67616d0000b273d64caf3104c5a901905d9b7e,https://open.spotify.com/track/3g9t4SqzzMf7hEtJRS3wsy,"corrido, corridos bélicos, corridos tumbados, sierreño, electro corridos, dembow belico, banda, música mexicana","corrido, corridos bélicos, corridos tumbados, sierreño, electro corridos, dembow belico, banda, música mexicana Los Dareyes De La Sierra, Peso Pluma Redención True"
Cuando No Era Cantante,"El Bogueto, Yung Beef",No Hay Loco Que No Corone,2024-09-26,80,True,https://i.scdn.co/image/ab67616d0000b2736f4abe61c76be30ba12928e8,https://open.spotify.com/track/44xDy4h27s4ENaC8fKnCoC,"reggaeton mexa, reggaeton","reggaeton mexa, reggaeton El Bogueto, Yung Beef No Hay Loco Que No Corone True"
WASSUP,Young Miko,WASSUP,2025-04-25,87,True,https://i.scdn.co/image/ab67616d0000b2734fb3dec62284bce58f432b05,https://open.spotify.com/track/32SJM4tQyJHsB8rgVtZURn,trap latino,trap latino Young Miko WASSUP True
5-7,"Tito Double P, Junior H",INCÓMODO,2024-08-22,86,False,https://i.scdn.co/image/ab67616d0000b27347e9618ef7411438f9c9478b,https://open.spotify.com/track/3IEvQ1CzszUJtTRLmmMJ2X,"corrido, corridos tumbados, corridos bélicos, electro corridos, dembow belico, música mexicana","corrido, corridos tumbados, corridos bélicos, electro corridos, dembow belico, música mexicana Tito Double P, Junior H INCÓMODO False"
Qué Pasaría...,"Rauw Alejandro, Bad Bunny",Cosa Nuestra,2024-11-15,91,True,https://i.scdn.co/image/ab67616d0000b273ed432d7df981360768dd5856,https://open.spotify.com/track/0l0vcZMU7AOeQmUIREoI2U,"reggaeton, urbano latino, trap latino, latin","reggaeton, urbano latino, trap latino, latin Rauw Alejandro, Bad Bunny Cosa Nuestra True"
Todo a Su Tiempo,Neton Vega,Todo a Su Tiempo,2024-09-27,85,False,https://i.scdn.co/image/ab67616d0000b273693b59436e283c3ca2d8b248,https://open.spotify.com/track/4JLZyyWuvvse6xKiZqRdau,"corrido, corridos tumbados, corridos bélicos, electro corridos, dembow belico","corrido, corridos tumbados, corridos bélicos, electro corridos, dembow belico Neton Vega Todo a Su Tiempo False"
Y LLORO,Junior H,$AD BOYZ 4 LIFE II,2023-10-05,85,True,https://i.scdn.co/image/ab67616d0000b273f3ba6742a35f111aaea1ca2f,https://open.spotify.com/track/6RcAHyC5sAUIbPTkhOQwd8,"corridos tumbados, corrido, corridos bélicos, sad sierreño, sierreño, música mexicana, banda","corridos tumbados, corrido, corridos bélicos, sad sierreño, sierreño, música mexicana, banda Junior H $AD BOYZ 4 LIFE II True"
EL LOKERON,Tito Double P,INCÓMODO,2024-08-22,86,True,https://i.scdn.co/image/ab67616d0000b27347e9618ef7411438f9c9478b,https://open.spotify.com/track/6X6m4xmdFcz31p1h7Qg68c,"corrido, corridos tumbados, corridos bélicos, electro corridos, dembow belico, música mexicana","corrido, corridos tumbados, corridos bélicos, electro corridos, dembow belico, música mexicana Tito Double P INCÓMODO True"
